Scenario;Commentaire;I_Open_Time_1;I_Retest;I_Mode_Entry;I_Period;I_Input_BaseLine;I_Check_Distance_BL;I_Check_Cross_BL;I_Input_Conf_1;I_Input_Conf_2;I_Input_Volatility;I_Input_Exit_1;I_Input_Exit_2;I_Mode_SL;I_Nb_Cand_SL;I_Coef_ATR_SL;I_Coef_ATR_SL_Min;I_Risque_Max_Val;I_Risque_Pct;I_Mode_Trailing;I_Coef_ATR_Trailing;I_PourCent_Close;I_PourCent_Pyram;I_MovingTP;I_Strat_GoalTP;I_ModeClose;I_useStack;I_Input_Stack_1;I_Direction_filter;I_Continuation;I_Mode_BL
1;camp_NNFX_SELL_M30_MM_P2_20220302.csv 1870141;945-1515;FALSE;0;M30;DumbFixeVal:-5555;;;SSL_Channel_Go:14,#SHIFT-1-1,1;ASH_Direction:1,35,1,3,0,1;DumbFixeVal:1;DumbFixeVal:-5555;;0;4;1;1;25;2.5;1;4.0;100;100;FALSE;200-BE*200-50$1900;2;FALSE;;SELL;FALSE;0
2;camp_NNFX_SELL_M30_MM_P2_20220302.csv 1870142;945-1515;FALSE;0;M30;DumbFixeVal:-5555;;;SSL_Channel_Go:14,#SHIFT-1-1,1;ASH_Direction:1,35,1,3,0,1;DumbFixeVal:1;DumbFixeVal:-5555;;0;4;1;1;25;2.5;1;2.0;100;100;FALSE;200-BE*200-50$1900;2;FALSE;;SELL;FALSE;0
3;camp_NNFX_SELL_M30_MM_P2_20220302.csv 1870149;945-1515;FALSE;0;M30;DumbFixeVal:-5555;;;SSL_Channel_Go:14,#SHIFT-1-1,1;ASH_Direction:1,35,1,3,0,1;DumbFixeVal:1;DumbFixeVal:-5555;;0;4;1;1;25;2.5;1;4.0;100;50;FALSE;200-BE*200-50$1900;2;TRUE;Cassure_Go:HL,2,1;SELL;FALSE;0
4;camp_NNFX_SELL_M30_MM_P2_20220302.csv 1870156;945-1515;FALSE;0;M30;DumbFixeVal:-5555;;;SSL_Channel_Go:14,#SHIFT-1-1,1;ASH_Direction:1,35,1,3,0,1;DumbFixeVal:1;DumbFixeVal:-5555;;0;4;1;1;25;2.5;1;4.0;100;100;FALSE;200-BE*200-50$1900;2;TRUE;Cassure_Go:HL,2,1;SELL;FALSE;0
5;camp_NNFX_SELL_M30_MM_P2_20220302.csv 1870165;945-1515;FALSE;0;M30;DumbFixeVal:-5555;;;SSL_Channel_Go:14,#SHIFT-1-1,1;ASH_Direction:1,35,1,3,0,1;DumbFixeVal:1;DumbFixeVal:-5555;;0;3;1;1;25;2.5;1;4.0;100;100;FALSE;200-BE*200-50$1900;2;FALSE;;SELL;FALSE;0
6;camp_NNFX_SELL_M30_MM_P2_20220302.csv 1870166;945-1515;FALSE;0;M30;DumbFixeVal:-5555;;;SSL_Channel_Go:14,#SHIFT-1-1,1;ASH_Direction:1,35,1,3,0,1;DumbFixeVal:1;DumbFixeVal:-5555;;0;3;1;1;25;2.5;1;2.0;100;100;FALSE;200-BE*200-50$1900;2;FALSE;;SELL;FALSE;0
7;camp_NNFX_SELL_M30_MM_P2_20220302.csv 1870174;945-1515;FALSE;0;M30;DumbFixeVal:-5555;;;SSL_Channel_Go:14,#SHIFT-1-1,1;ASH_Direction:1,35,1,3,0,1;DumbFixeVal:1;DumbFixeVal:-5555;;0;3;1;1;25;2.5;1;4.0;100;50;FALSE;200-BE*200-50$1900;2;TRUE;Cassure_Go:HL,2,1;SELL;FALSE;0
8;camp_NNFX_SELL_M30_MM_P2_20220302.csv 1870175;945-1515;FALSE;0;M30;DumbFixeVal:-5555;;;SSL_Channel_Go:14,#SHIFT-1-1,1;ASH_Direction:1,35,1,3,0,1;DumbFixeVal:1;DumbFixeVal:-5555;;0;3;1;1;25;2.5;1;2.0;100;50;FALSE;200-BE*200-50$1900;2;TRUE;Cassure_Go:HL,2,1;SELL;FALSE;0
9;camp_NNFX_SELL_M30_MM_P2_20220302.csv 1870183;945-1515;FALSE;0;M30;DumbFixeVal:-5555;;;SSL_Channel_Go:14,#SHIFT-1-1,1;ASH_Direction:1,35,1,3,0,1;DumbFixeVal:1;DumbFixeVal:-5555;;0;3;1;1;25;2.5;1;4.0;100;100;FALSE;200-BE*200-50$1900;2;TRUE;Cassure_Go:HL,2,1;SELL;FALSE;0
10;camp_NNFX_SELL_M30_MM_P2_20220302.csv 1870184;945-1515;FALSE;0;M30;DumbFixeVal:-5555;;;SSL_Channel_Go:14,#SHIFT-1-1,1;ASH_Direction:1,35,1,3,0,1;DumbFixeVal:1;DumbFixeVal:-5555;;0;3;1;1;25;2.5;1;2.0;100;100;FALSE;200-BE*200-50$1900;2;TRUE;Cassure_Go:HL,2,1;SELL;FALSE;0
11;camp_NNFX_SELL_M30_MM_P2_20220302.csv 1870232;945-1515;FALSE;0;M30;DumbFixeVal:-5555;;;SSL_Channel_Go:14,#SHIFT-1-1,1;ASH_Direction:1,35,1,3,0,1;DumbFixeVal:1;DumbFixeVal:-5555;;0;8;1;1;25;2.5;1;2.0;100;100;TRUE;NO$1900;2;TRUE;Cassure_Go:HL,2,1;SELL;FALSE;0
12;camp_NNFX_SELL_M30_MM_P2_20220302.csv 1870235;945-1515;FALSE;0;M30;DumbFixeVal:-5555;;;SSL_Channel_Go:14,#SHIFT-1-1,1;ASH_Direction:1,35,1,3,0,1;DumbFixeVal:1;DumbFixeVal:-5555;;0;8;1;1;25;2.5;1;2.0;100;100;FALSE;300-BE*300-50$1900;2;TRUE;Cassure_Go:HL,2,1;SELL;FALSE;0
13;camp_NNFX_SELL_M30_MM_P2_20220302.csv 1870238;945-1515;FALSE;0;M30;DumbFixeVal:-5555;;;SSL_Channel_Go:14,#SHIFT-1-1,1;ASH_Direction:1,35,1,3,0,1;DumbFixeVal:1;DumbFixeVal:-5555;;0;8;1;1;25;2.5;1;2.0;100;100;FALSE;200-BE*200-50$1900;2;TRUE;Cassure_Go:HL,2,1;SELL;FALSE;0
14;camp_NNFX_SELL_M30_MM_P2_20220302.csv 1870292;945-1445;FALSE;0;M30;DumbFixeVal:-5555;;;SSL_Channel_Go:14,#SHIFT-1-1,1;ASH_Direction:1,35,1,3,0,1;DumbFixeVal:1;DumbFixeVal:-5555;;0;4;1;1;25;2.5;1;4.0;100;100;FALSE;200-BE*200-50$1900;2;FALSE;;SELL;FALSE;0
15;camp_NNFX_SELL_M30_MM_P2_20220302.csv 1870293;945-1445;FALSE;0;M30;DumbFixeVal:-5555;;;SSL_Channel_Go:14,#SHIFT-1-1,1;ASH_Direction:1,35,1,3,0,1;DumbFixeVal:1;DumbFixeVal:-5555;;0;4;1;1;25;2.5;1;2.0;100;100;FALSE;200-BE*200-50$1900;2;FALSE;;SELL;FALSE;0
16;camp_NNFX_SELL_M30_MM_P2_20220302.csv 1870301;945-1445;FALSE;0;M30;DumbFixeVal:-5555;;;SSL_Channel_Go:14,#SHIFT-1-1,1;ASH_Direction:1,35,1,3,0,1;DumbFixeVal:1;DumbFixeVal:-5555;;0;4;1;1;25;2.5;1;4.0;100;50;FALSE;200-BE*200-50$1900;2;TRUE;Cassure_Go:HL,2,1;SELL;FALSE;0
17;camp_NNFX_SELL_M30_MM_P2_20220302.csv 1870302;945-1445;FALSE;0;M30;DumbFixeVal:-5555;;;SSL_Channel_Go:14,#SHIFT-1-1,1;ASH_Direction:1,35,1,3,0,1;DumbFixeVal:1;DumbFixeVal:-5555;;0;4;1;1;25;2.5;1;2.0;100;50;FALSE;200-BE*200-50$1900;2;TRUE;Cassure_Go:HL,2,1;SELL;FALSE;0
18;camp_NNFX_SELL_M30_MM_P2_20220302.csv 1870310;945-1445;FALSE;0;M30;DumbFixeVal:-5555;;;SSL_Channel_Go:14,#SHIFT-1-1,1;ASH_Direction:1,35,1,3,0,1;DumbFixeVal:1;DumbFixeVal:-5555;;0;4;1;1;25;2.5;1;4.0;100;100;FALSE;200-BE*200-50$1900;2;TRUE;Cassure_Go:HL,2,1;SELL;FALSE;0
19;camp_NNFX_SELL_M30_MM_P2_20220302.csv 1870319;945-1445;FALSE;0;M30;DumbFixeVal:-5555;;;SSL_Channel_Go:14,#SHIFT-1-1,1;ASH_Direction:1,35,1,3,0,1;DumbFixeVal:1;DumbFixeVal:-5555;;0;3;1;1;25;2.5;1;4.0;100;100;FALSE;200-BE*200-50$1900;2;FALSE;;SELL;FALSE;0
20;camp_NNFX_SELL_M30_MM_P2_20220302.csv 1870320;945-1445;FALSE;0;M30;DumbFixeVal:-5555;;;SSL_Channel_Go:14,#SHIFT-1-1,1;ASH_Direction:1,35,1,3,0,1;DumbFixeVal:1;DumbFixeVal:-5555;;0;3;1;1;25;2.5;1;2.0;100;100;FALSE;200-BE*200-50$1900;2;FALSE;;SELL;FALSE;0
21;camp_NNFX_SELL_M30_MM_P2_20220302.csv 1870328;945-1445;FALSE;0;M30;DumbFixeVal:-5555;;;SSL_Channel_Go:14,#SHIFT-1-1,1;ASH_Direction:1,35,1,3,0,1;DumbFixeVal:1;DumbFixeVal:-5555;;0;3;1;1;25;2.5;1;4.0;100;50;FALSE;200-BE*200-50$1900;2;TRUE;Cassure_Go:HL,2,1;SELL;FALSE;0
22;camp_NNFX_SELL_M30_MM_P2_20220302.csv 1870329;945-1445;FALSE;0;M30;DumbFixeVal:-5555;;;SSL_Channel_Go:14,#SHIFT-1-1,1;ASH_Direction:1,35,1,3,0,1;DumbFixeVal:1;DumbFixeVal:-5555;;0;3;1;1;25;2.5;1;2.0;100;50;FALSE;200-BE*200-50$1900;2;TRUE;Cassure_Go:HL,2,1;SELL;FALSE;0
23;camp_NNFX_SELL_M30_MM_P2_20220302.csv 1870337;945-1445;FALSE;0;M30;DumbFixeVal:-5555;;;SSL_Channel_Go:14,#SHIFT-1-1,1;ASH_Direction:1,35,1,3,0,1;DumbFixeVal:1;DumbFixeVal:-5555;;0;3;1;1;25;2.5;1;4.0;100;100;FALSE;200-BE*200-50$1900;2;TRUE;Cassure_Go:HL,2,1;SELL;FALSE;0
24;camp_NNFX_SELL_M30_MM_P2_20220302.csv 1870380;945-1445;FALSE;0;M30;DumbFixeVal:-5555;;;SSL_Channel_Go:14,#SHIFT-1-1,1;ASH_Direction:1,35,1,3,0,1;DumbFixeVal:1;DumbFixeVal:-5555;;0;8;1;1;25;2.5;1;2.0;100;50;FALSE;300-BE*300-50$1900;2;TRUE;Cassure_Go:HL,2,1;SELL;FALSE;0
25;camp_NNFX_SELL_M30_MM_P2_20220302.csv 1870389;945-1445;FALSE;0;M30;DumbFixeVal:-5555;;;SSL_Channel_Go:14,#SHIFT-1-1,1;ASH_Direction:1,35,1,3,0,1;DumbFixeVal:1;DumbFixeVal:-5555;;0;8;1;1;25;2.5;1;2.0;100;100;FALSE;300-BE*300-50$1900;2;TRUE;Cassure_Go:HL,2,1;SELL;FALSE;0
26;camp_NNFX_SELL_M30_MM_P2_20220302.csv 1870583;945-1515;FALSE;0;M30;DumbFixeVal:-5555;;;SSL_Channel_Go:17,#SHIFT-1-1,1;ASH_Direction:1,35,1,3,0,1;DumbFixeVal:1;DumbFixeVal:-5555;;0;4;1;1;25;2.5;1;4.0;100;100;FALSE;200-BE*200-50$1900;2;FALSE;;SELL;FALSE;0
27;camp_NNFX_SELL_M30_MM_P2_20220302.csv 1870589;945-1515;FALSE;0;M30;DumbFixeVal:-5555;;;SSL_Channel_Go:17,#SHIFT-1-1,1;ASH_Direction:1,35,1,3,0,1;DumbFixeVal:1;DumbFixeVal:-5555;;0;3;1;1;25;2.5;1;2.0;100;100;FALSE;200-BE*200-50$1900;2;FALSE;;SELL;FALSE;0
28;camp_NNFX_SELL_M30_MM_P2_20220302.csv 1870607;945-1515;FALSE;0;M30;DumbFixeVal:-5555;;;SSL_Channel_Go:17,#SHIFT-1-1,1;ASH_Direction:1,35,1,3,0,1;DumbFixeVal:1;DumbFixeVal:-5555;;0;6;1;1;25;2.5;1;2.0;100;100;FALSE;300-BE*300-50$1900;2;TRUE;Cassure_Go:HL,2,1;SELL;FALSE;0
29;camp_NNFX_SELL_M30_MM_P2_20220302.csv 1870625;945-1445;FALSE;0;M30;DumbFixeVal:-5555;;;SSL_Channel_Go:17,#SHIFT-1-1,1;ASH_Direction:1,35,1,3,0,1;DumbFixeVal:1;DumbFixeVal:-5555;;0;4;1;1;25;2.5;1;4.0;100;100;FALSE;200-BE*200-50$1900;2;FALSE;;SELL;FALSE;0
30;camp_NNFX_SELL_M30_MM_P2_20220302.csv 1870631;945-1445;FALSE;0;M30;DumbFixeVal:-5555;;;SSL_Channel_Go:17,#SHIFT-1-1,1;ASH_Direction:1,35,1,3,0,1;DumbFixeVal:1;DumbFixeVal:-5555;;0;4;1;1;25;2.5;1;4.0;100;50;FALSE;200-BE*200-50$1900;2;TRUE;Cassure_Go:HL,2,1;SELL;FALSE;0
31;camp_NNFX_SELL_M30_MM_P2_20220302.csv 1870635;945-1445;FALSE;0;M30;DumbFixeVal:-5555;;;SSL_Channel_Go:17,#SHIFT-1-1,1;ASH_Direction:1,35,1,3,0,1;DumbFixeVal:1;DumbFixeVal:-5555;;0;4;1;1;25;2.5;1;4.0;100;100;FALSE;200-BE*200-50$1900;2;TRUE;Cassure_Go:HL,2,1;SELL;FALSE;0
32;camp_NNFX_SELL_M30_MM_P2_20220302.csv 1870643;945-1445;FALSE;0;M30;DumbFixeVal:-5555;;;SSL_Channel_Go:17,#SHIFT-1-1,1;ASH_Direction:1,35,1,3,0,1;DumbFixeVal:1;DumbFixeVal:-5555;;0;3;1;1;25;2.5;1;4.0;100;100;FALSE;200-BE*200-50$1900;2;FALSE;;SELL;FALSE;0
33;camp_NNFX_SELL_M30_MM_P2_20220302.csv 1870652;945-1445;FALSE;0;M30;DumbFixeVal:-5555;;;SSL_Channel_Go:17,#SHIFT-1-1,1;ASH_Direction:1,35,1,3,0,1;DumbFixeVal:1;DumbFixeVal:-5555;;0;3;1;1;25;2.5;1;4.0;100;50;FALSE;200-BE*200-50$1900;2;TRUE;Cassure_Go:HL,2,1;SELL;FALSE;0
34;camp_NNFX_SELL_M30_MM_P2_20220302.csv 1870665;945-1445;FALSE;0;M30;DumbFixeVal:-5555;;;SSL_Channel_Go:17,#SHIFT-1-1,1;ASH_Direction:1,35,1,3,0,1;DumbFixeVal:1;DumbFixeVal:-5555;;0;6;1;1;25;2.5;1;2.0;100;100;FALSE;300-BE*300-50$1900;2;FALSE;;SELL;FALSE;0
35;camp_NNFX_SELL_M30_MM_P2_20220302.csv 1870666;945-1445;FALSE;0;M30;DumbFixeVal:-5555;;;SSL_Channel_Go:17,#SHIFT-1-1,1;ASH_Direction:1,35,1,3,0,1;DumbFixeVal:1;DumbFixeVal:-5555;;0;6;1;1;25;2.5;1;4.0;100;100;FALSE;200-BE*200-50$1900;2;FALSE;;SELL;FALSE;0
36;camp_NNFX_SELL_M30_MM_P2_20220302.csv 1870669;945-1445;FALSE;0;M30;DumbFixeVal:-5555;;;SSL_Channel_Go:17,#SHIFT-1-1,1;ASH_Direction:1,35,1,3,0,1;DumbFixeVal:1;DumbFixeVal:-5555;;0;6;1;1;25;2.5;1;4.0;100;50;FALSE;200-BE*200-50$1900;2;TRUE;Cassure_Go:HL,2,1;SELL;FALSE;0
37;camp_NNFX_SELL_M30_MM_P2_20220302.csv 1870672;945-1445;FALSE;0;M30;DumbFixeVal:-5555;;;SSL_Channel_Go:17,#SHIFT-1-1,1;ASH_Direction:1,35,1,3,0,1;DumbFixeVal:1;DumbFixeVal:-5555;;0;6;1;1;25;2.5;1;4.0;100;100;FALSE;200-BE*200-50$1900;2;TRUE;Cassure_Go:HL,2,1;SELL;FALSE;0
38;camp_NNFX_SELL_M30_MM_P2_20220302.csv 1871197;915-1515;FALSE;0;M30;DumbFixeVal:-5555;;;QQE_Go:10,5,50,#SHIFT-1-6,1;QQE_Direction:27,5,50,1;DumbFixeVal:1;DumbFixeVal:-5555;;0;8;1;1;25;2.5;1;2.0;100;100;TRUE;NO$1900;2;FALSE;;SELL;FALSE;0
39;camp_NNFX_SELL_M30_MM_P2_20220302.csv 1871815;915-1515;FALSE;0;M30;DumbFixeVal:-5555;;;QQE_Go:10,5,50,#SHIFT-1-1,1;QQE_Direction:17,5,50,1;DumbFixeVal:1;DumbFixeVal:-5555;;0;8;1;1;25;2.5;1;4.0;100;100;TRUE;NO$1900;2;FALSE;;SELL;FALSE;0
40;camp_NNFX_SELL_M30_MM_P2_20220302.csv 1871817;915-1515;FALSE;0;M30;DumbFixeVal:-5555;;;QQE_Go:10,5,50,#SHIFT-1-1,1;QQE_Direction:17,5,50,1;DumbFixeVal:1;DumbFixeVal:-5555;;0;8;1;1;25;2.5;0;6.0;100;100;TRUE;NO$1900;2;FALSE;;SELL;FALSE;0
41;camp_NNFX_SELL_M30_MM_P2_20220302.csv 1871818;915-1515;FALSE;0;M30;DumbFixeVal:-5555;;;QQE_Go:10,5,50,#SHIFT-1-1,1;QQE_Direction:17,5,50,1;DumbFixeVal:1;DumbFixeVal:-5555;;0;8;1;1;25;2.5;1;4.0;100;100;FALSE;300-BE*300-50$1900;2;FALSE;;SELL;FALSE;0
42;camp_NNFX_SELL_M30_MM_P2_20220302.csv 1871819;915-1515;FALSE;0;M30;DumbFixeVal:-5555;;;QQE_Go:10,5,50,#SHIFT-1-1,1;QQE_Direction:17,5,50,1;DumbFixeVal:1;DumbFixeVal:-5555;;0;8;1;1;25;2.5;0;6.0;100;100;FALSE;300-BE*300-50$1900;2;FALSE;;SELL;FALSE;0
43;camp_NNFX_SELL_M30_MM_P2_20220302.csv 1871822;915-1515;FALSE;0;M30;DumbFixeVal:-5555;;;QQE_Go:10,5,50,#SHIFT-1-1,1;QQE_Direction:17,5,50,1;DumbFixeVal:1;DumbFixeVal:-5555;;0;8;1;1;25;2.5;1;4.0;100;50;TRUE;NO$1900;2;TRUE;Cassure_Go:HL,2,1;SELL;FALSE;0
44;camp_NNFX_SELL_M30_MM_P2_20220302.csv 1871824;915-1515;FALSE;0;M30;DumbFixeVal:-5555;;;QQE_Go:10,5,50,#SHIFT-1-1,1;QQE_Direction:17,5,50,1;DumbFixeVal:1;DumbFixeVal:-5555;;0;8;1;1;25;2.5;0;6.0;100;50;TRUE;NO$1900;2;TRUE;Cassure_Go:HL,2,1;SELL;FALSE;0
45;camp_NNFX_SELL_M30_MM_P2_20220302.csv 1871825;915-1515;FALSE;0;M30;DumbFixeVal:-5555;;;QQE_Go:10,5,50,#SHIFT-1-1,1;QQE_Direction:17,5,50,1;DumbFixeVal:1;DumbFixeVal:-5555;;0;8;1;1;25;2.5;1;4.0;100;50;FALSE;300-BE*300-50$1900;2;TRUE;Cassure_Go:HL,2,1;SELL;FALSE;0
46;camp_NNFX_SELL_M30_MM_P2_20220302.csv 1871829;915-1515;FALSE;0;M30;DumbFixeVal:-5555;;;QQE_Go:10,5,50,#SHIFT-1-1,1;QQE_Direction:17,5,50,1;DumbFixeVal:1;DumbFixeVal:-5555;;0;8;1;1;25;2.5;1;4.0;100;100;TRUE;NO$1900;2;TRUE;Cassure_Go:HL,2,1;SELL;FALSE;0
47;camp_NNFX_SELL_M30_MM_P2_20220302.csv 1871833;915-1515;FALSE;0;M30;DumbFixeVal:-5555;;;QQE_Go:10,5,50,#SHIFT-1-1,1;QQE_Direction:17,5,50,1;DumbFixeVal:1;DumbFixeVal:-5555;;0;8;1;1;25;2.5;1;4.0;100;100;FALSE;200-BE*200-50$1900;2;TRUE;Cassure_Go:HL,2,1;SELL;FALSE;0
48;camp_NNFX_SELL_M30_V2_P2_20220316.csv 2050004;945-1445;FALSE;0;M30;SSL_Channel_Direction:27,1;Distance_BL_Go:SSL$27#0,1440,14,2;SSL_Channel_Go:27,1,1;SSL_Channel_Go:17,#SHIFT-1-1,1;ASH_Direction:1,35,1,3,0,1;DumbFixeVal:1;DumbFixeVal:-5555;;0;4;1;1;25;2.5;1;4.0;100;100;FALSE;200-BE*200-50$1900;2;FALSE;;SELL;FALSE;2
49;camp_NNFX_SELL_M30_V2_P2_20220316.csv 2050005;945-1445;FALSE;0;M30;SSL_Channel_Direction:30,1;Distance_BL_Go:SSL$30#0,1440,14,2;SSL_Channel_Go:30,1,1;SSL_Channel_Go:17,#SHIFT-1-1,1;ASH_Direction:1,35,1,3,0,1;DumbFixeVal:1;DumbFixeVal:-5555;;0;4;1;1;25;2.5;1;4.0;100;100;FALSE;200-BE*200-50$1900;2;FALSE;;SELL;FALSE;2
50;camp_NNFX_SELL_M30_V2_P2_20220316.csv 2050007;945-1445;FALSE;0;M30;SSL_Channel_Direction:27,1;Distance_BL_Go:SSL$27#0,1440,14,2;SSL_Channel_Go:27,1,1;SSL_Channel_Go:17,#SHIFT-1-1,1;ASH_Direction:1,35,1,3,0,1;DumbFixeVal:1;DumbFixeVal:-5555;;0;4;1;1;25;2.5;1;4.0;100;100;FALSE;200-BE*200-50$1900;2;FALSE;;SELL;FALSE;4
51;camp_NNFX_SELL_M30_V2_P2_20220316.csv 2050008;945-1445;FALSE;0;M30;SSL_Channel_Direction:30,1;Distance_BL_Go:SSL$30#0,1440,14,2;SSL_Channel_Go:30,1,1;SSL_Channel_Go:17,#SHIFT-1-1,1;ASH_Direction:1,35,1,3,0,1;DumbFixeVal:1;DumbFixeVal:-5555;;0;4;1;1;25;2.5;1;4.0;100;100;FALSE;200-BE*200-50$1900;2;FALSE;;SELL;FALSE;4
52;camp_NNFX_SELL_M30_V2_P2_20220316.csv 2050009;945-1445;FALSE;0;M30;SSL_Channel_Direction:33,1;Distance_BL_Go:SSL$33#0,1440,14,2;SSL_Channel_Go:33,1,1;SSL_Channel_Go:17,#SHIFT-1-1,1;ASH_Direction:1,35,1,3,0,1;DumbFixeVal:1;DumbFixeVal:-5555;;0;4;1;1;25;2.5;1;4.0;100;100;FALSE;200-BE*200-50$1900;2;FALSE;;SELL;FALSE;4
53;camp_NNFX_SELL_M30_V2_P2_20220316.csv 2050011;945-1445;FALSE;0;M30;SSL_Channel_Direction:27,1;Distance_BL_Go:SSL$27#0,1440,14,2;SSL_Channel_Go:27,1,1;SSL_Channel_Go:17,#SHIFT-1-1,1;ASH_Direction:1,35,1,3,0,1;DumbFixeVal:1;DumbFixeVal:-5555;;0;4;1;1;25;2.5;1;4.0;100;100;FALSE;200-BE*200-50$1900;2;FALSE;;SELL;FALSE;6
54;camp_NNFX_SELL_M30_V2_P2_20220316.csv 2050012;945-1445;FALSE;0;M30;SSL_Channel_Direction:30,1;Distance_BL_Go:SSL$30#0,1440,14,2;SSL_Channel_Go:30,1,1;SSL_Channel_Go:17,#SHIFT-1-1,1;ASH_Direction:1,35,1,3,0,1;DumbFixeVal:1;DumbFixeVal:-5555;;0;4;1;1;25;2.5;1;4.0;100;100;FALSE;200-BE*200-50$1900;2;FALSE;;SELL;FALSE;6
55;camp_NNFX_SELL_M30_V2_P2_20220316.csv 2050014;945-1445;FALSE;0;M30;SSL_Channel_Direction:27,1;Distance_BL_Go:SSL$27#0,1440,14,2;SSL_Channel_Go:27,1,1;SSL_Channel_Go:17,#SHIFT-1-1,1;ASH_Direction:1,35,1,3,0,1;DumbFixeVal:1;DumbFixeVal:-5555;;0;4;1;1;25;2.5;1;4.0;100;50;FALSE;200-BE*200-50$1900;2;TRUE;Cassure_Go:HL,2,1;SELL;FALSE;2
56;camp_NNFX_SELL_M30_V2_P2_20220316.csv 2050015;945-1445;FALSE;0;M30;SSL_Channel_Direction:30,1;Distance_BL_Go:SSL$30#0,1440,14,2;SSL_Channel_Go:30,1,1;SSL_Channel_Go:17,#SHIFT-1-1,1;ASH_Direction:1,35,1,3,0,1;DumbFixeVal:1;DumbFixeVal:-5555;;0;4;1;1;25;2.5;1;4.0;100;50;FALSE;200-BE*200-50$1900;2;TRUE;Cassure_Go:HL,2,1;SELL;FALSE;2
57;camp_NNFX_SELL_M30_V2_P2_20220316.csv 2050017;945-1445;FALSE;0;M30;SSL_Channel_Direction:27,1;Distance_BL_Go:SSL$27#0,1440,14,2;SSL_Channel_Go:27,1,1;SSL_Channel_Go:17,#SHIFT-1-1,1;ASH_Direction:1,35,1,3,0,1;DumbFixeVal:1;DumbFixeVal:-5555;;0;4;1;1;25;2.5;1;4.0;100;50;FALSE;200-BE*200-50$1900;2;TRUE;Cassure_Go:HL,2,1;SELL;FALSE;4
58;camp_NNFX_SELL_M30_V2_P2_20220316.csv 2050018;945-1445;FALSE;0;M30;SSL_Channel_Direction:30,1;Distance_BL_Go:SSL$30#0,1440,14,2;SSL_Channel_Go:30,1,1;SSL_Channel_Go:17,#SHIFT-1-1,1;ASH_Direction:1,35,1,3,0,1;DumbFixeVal:1;DumbFixeVal:-5555;;0;4;1;1;25;2.5;1;4.0;100;50;FALSE;200-BE*200-50$1900;2;TRUE;Cassure_Go:HL,2,1;SELL;FALSE;4
59;camp_NNFX_SELL_M30_V2_P2_20220316.csv 2050019;945-1445;FALSE;0;M30;SSL_Channel_Direction:33,1;Distance_BL_Go:SSL$33#0,1440,14,2;SSL_Channel_Go:33,1,1;SSL_Channel_Go:17,#SHIFT-1-1,1;ASH_Direction:1,35,1,3,0,1;DumbFixeVal:1;DumbFixeVal:-5555;;0;4;1;1;25;2.5;1;4.0;100;50;FALSE;200-BE*200-50$1900;2;TRUE;Cassure_Go:HL,2,1;SELL;FALSE;4
60;camp_NNFX_SELL_M30_V2_P2_20220316.csv 2050021;945-1445;FALSE;0;M30;SSL_Channel_Direction:27,1;Distance_BL_Go:SSL$27#0,1440,14,2;SSL_Channel_Go:27,1,1;SSL_Channel_Go:17,#SHIFT-1-1,1;ASH_Direction:1,35,1,3,0,1;DumbFixeVal:1;DumbFixeVal:-5555;;0;4;1;1;25;2.5;1;4.0;100;50;FALSE;200-BE*200-50$1900;2;TRUE;Cassure_Go:HL,2,1;SELL;FALSE;6
61;camp_NNFX_SELL_M30_V2_P2_20220316.csv 2050022;945-1445;FALSE;0;M30;SSL_Channel_Direction:30,1;Distance_BL_Go:SSL$30#0,1440,14,2;SSL_Channel_Go:30,1,1;SSL_Channel_Go:17,#SHIFT-1-1,1;ASH_Direction:1,35,1,3,0,1;DumbFixeVal:1;DumbFixeVal:-5555;;0;4;1;1;25;2.5;1;4.0;100;50;FALSE;200-BE*200-50$1900;2;TRUE;Cassure_Go:HL,2,1;SELL;FALSE;6
62;camp_NNFX_SELL_M30_V2_P2_20220316.csv 2050024;945-1445;FALSE;0;M30;SSL_Channel_Direction:27,1;Distance_BL_Go:SSL$27#0,1440,14,2;SSL_Channel_Go:27,1,1;SSL_Channel_Go:17,#SHIFT-1-1,1;ASH_Direction:1,35,1,3,0,1;DumbFixeVal:1;DumbFixeVal:-5555;;0;4;1;1;25;2.5;1;4.0;100;100;FALSE;200-BE*200-50$1900;2;TRUE;Cassure_Go:HL,2,1;SELL;FALSE;2
63;camp_NNFX_SELL_M30_V2_P2_20220316.csv 2050025;945-1445;FALSE;0;M30;SSL_Channel_Direction:30,1;Distance_BL_Go:SSL$30#0,1440,14,2;SSL_Channel_Go:30,1,1;SSL_Channel_Go:17,#SHIFT-1-1,1;ASH_Direction:1,35,1,3,0,1;DumbFixeVal:1;DumbFixeVal:-5555;;0;4;1;1;25;2.5;1;4.0;100;100;FALSE;200-BE*200-50$1900;2;TRUE;Cassure_Go:HL,2,1;SELL;FALSE;2
64;camp_NNFX_SELL_M30_V2_P2_20220316.csv 2050027;945-1445;FALSE;0;M30;SSL_Channel_Direction:27,1;Distance_BL_Go:SSL$27#0,1440,14,2;SSL_Channel_Go:27,1,1;SSL_Channel_Go:17,#SHIFT-1-1,1;ASH_Direction:1,35,1,3,0,1;DumbFixeVal:1;DumbFixeVal:-5555;;0;4;1;1;25;2.5;1;4.0;100;100;FALSE;200-BE*200-50$1900;2;TRUE;Cassure_Go:HL,2,1;SELL;FALSE;4
65;camp_NNFX_SELL_M30_V2_P2_20220316.csv 2050028;945-1445;FALSE;0;M30;SSL_Channel_Direction:30,1;Distance_BL_Go:SSL$30#0,1440,14,2;SSL_Channel_Go:30,1,1;SSL_Channel_Go:17,#SHIFT-1-1,1;ASH_Direction:1,35,1,3,0,1;DumbFixeVal:1;DumbFixeVal:-5555;;0;4;1;1;25;2.5;1;4.0;100;100;FALSE;200-BE*200-50$1900;2;TRUE;Cassure_Go:HL,2,1;SELL;FALSE;4
66;camp_NNFX_SELL_M30_V2_P2_20220316.csv 2050029;945-1445;FALSE;0;M30;SSL_Channel_Direction:33,1;Distance_BL_Go:SSL$33#0,1440,14,2;SSL_Channel_Go:33,1,1;SSL_Channel_Go:17,#SHIFT-1-1,1;ASH_Direction:1,35,1,3,0,1;DumbFixeVal:1;DumbFixeVal:-5555;;0;4;1;1;25;2.5;1;4.0;100;100;FALSE;200-BE*200-50$1900;2;TRUE;Cassure_Go:HL,2,1;SELL;FALSE;4
67;camp_NNFX_SELL_M30_V2_P2_20220316.csv 2050031;945-1445;FALSE;0;M30;SSL_Channel_Direction:27,1;Distance_BL_Go:SSL$27#0,1440,14,2;SSL_Channel_Go:27,1,1;SSL_Channel_Go:17,#SHIFT-1-1,1;ASH_Direction:1,35,1,3,0,1;DumbFixeVal:1;DumbFixeVal:-5555;;0;4;1;1;25;2.5;1;4.0;100;100;FALSE;200-BE*200-50$1900;2;TRUE;Cassure_Go:HL,2,1;SELL;FALSE;6
68;camp_NNFX_SELL_M30_V2_P2_20220316.csv 2050032;945-1445;FALSE;0;M30;SSL_Channel_Direction:30,1;Distance_BL_Go:SSL$30#0,1440,14,2;SSL_Channel_Go:30,1,1;SSL_Channel_Go:17,#SHIFT-1-1,1;ASH_Direction:1,35,1,3,0,1;DumbFixeVal:1;DumbFixeVal:-5555;;0;4;1;1;25;2.5;1;4.0;100;100;FALSE;200-BE*200-50$1900;2;TRUE;Cassure_Go:HL,2,1;SELL;FALSE;6
69;camp_NNFX_SELL_M30_V2_P2_20220316.csv 2050033;945-1445;FALSE;0;M30;SSL_Channel_Direction:27,1;Distance_BL_Go:SSL$27#0,1440,14,2;SSL_Channel_Go:27,1,1;SSL_Channel_Go:17,#SHIFT-1-1,1;ASH_Direction:1,35,1,3,0,1;DumbFixeVal:1;DumbFixeVal:-5555;;0;3;1;1;25;2.5;1;4.0;100;100;FALSE;200-BE*200-50$1900;2;FALSE;;SELL;FALSE;2
70;camp_NNFX_SELL_M30_V2_P2_20220316.csv 2050034;945-1445;FALSE;0;M30;SSL_Channel_Direction:27,1;Distance_BL_Go:SSL$27#0,1440,14,2;SSL_Channel_Go:27,1,1;SSL_Channel_Go:17,#SHIFT-1-1,1;ASH_Direction:1,35,1,3,0,1;DumbFixeVal:1;DumbFixeVal:-5555;;0;3;1;1;25;2.5;1;4.0;100;100;FALSE;200-BE*200-50$1900;2;FALSE;;SELL;FALSE;4
71;camp_NNFX_SELL_M30_V2_P2_20220316.csv 2050035;945-1445;FALSE;0;M30;SSL_Channel_Direction:30,1;Distance_BL_Go:SSL$30#0,1440,14,2;SSL_Channel_Go:30,1,1;SSL_Channel_Go:17,#SHIFT-1-1,1;ASH_Direction:1,35,1,3,0,1;DumbFixeVal:1;DumbFixeVal:-5555;;0;3;1;1;25;2.5;1;4.0;100;100;FALSE;200-BE*200-50$1900;2;FALSE;;SELL;FALSE;4
72;camp_NNFX_SELL_M30_V2_P2_20220316.csv 2050036;945-1445;FALSE;0;M30;SSL_Channel_Direction:27,1;Distance_BL_Go:SSL$27#0,1440,14,2;SSL_Channel_Go:27,1,1;SSL_Channel_Go:17,#SHIFT-1-1,1;ASH_Direction:1,35,1,3,0,1;DumbFixeVal:1;DumbFixeVal:-5555;;0;3;1;1;25;2.5;1;4.0;100;100;FALSE;200-BE*200-50$1900;2;FALSE;;SELL;FALSE;6
73;camp_NNFX_SELL_M30_V2_P2_20220316.csv 2050037;945-1445;FALSE;0;M30;SSL_Channel_Direction:27,1;Distance_BL_Go:SSL$27#0,1440,14,2;SSL_Channel_Go:27,1,1;SSL_Channel_Go:17,#SHIFT-1-1,1;ASH_Direction:1,35,1,3,0,1;DumbFixeVal:1;DumbFixeVal:-5555;;0;3;1;1;25;2.5;1;4.0;100;50;FALSE;200-BE*200-50$1900;2;TRUE;Cassure_Go:HL,2,1;SELL;FALSE;4
74;camp_NNFX_SELL_M30_V2_P2_20220316.csv 2050038;945-1445;FALSE;0;M30;SSL_Channel_Direction:30,1;Distance_BL_Go:SSL$30#0,1440,14,2;SSL_Channel_Go:30,1,1;SSL_Channel_Go:17,#SHIFT-1-1,1;ASH_Direction:1,35,1,3,0,1;DumbFixeVal:1;DumbFixeVal:-5555;;0;3;1;1;25;2.5;1;4.0;100;50;FALSE;200-BE*200-50$1900;2;TRUE;Cassure_Go:HL,2,1;SELL;FALSE;4
75;camp_NNFX_SELL_M30_V2_P2_20220316.csv 2050042;945-1445;FALSE;0;M30;SSL_Channel_Direction:27,1;Distance_BL_Go:SSL$27#0,1440,14,2;SSL_Channel_Go:27,1,1;SSL_Channel_Go:17,#SHIFT-1-1,1;ASH_Direction:1,35,1,3,0,1;DumbFixeVal:1;DumbFixeVal:-5555;;0;6;1;1;25;2.5;1;4.0;100;100;FALSE;200-BE*200-50$1900;2;FALSE;;SELL;FALSE;2
76;camp_NNFX_SELL_M30_V2_P2_20220316.csv 2050043;945-1445;FALSE;0;M30;SSL_Channel_Direction:30,1;Distance_BL_Go:SSL$30#0,1440,14,2;SSL_Channel_Go:30,1,1;SSL_Channel_Go:17,#SHIFT-1-1,1;ASH_Direction:1,35,1,3,0,1;DumbFixeVal:1;DumbFixeVal:-5555;;0;6;1;1;25;2.5;1;4.0;100;100;FALSE;200-BE*200-50$1900;2;FALSE;;SELL;FALSE;2
77;camp_NNFX_SELL_M30_V2_P2_20220316.csv 2050044;945-1445;FALSE;0;M30;SSL_Channel_Direction:33,1;Distance_BL_Go:SSL$33#0,1440,14,2;SSL_Channel_Go:33,1,1;SSL_Channel_Go:17,#SHIFT-1-1,1;ASH_Direction:1,35,1,3,0,1;DumbFixeVal:1;DumbFixeVal:-5555;;0;6;1;1;25;2.5;1;4.0;100;100;FALSE;200-BE*200-50$1900;2;FALSE;;SELL;FALSE;2
78;camp_NNFX_SELL_M30_V2_P2_20220316.csv 2050047;945-1445;FALSE;0;M30;SSL_Channel_Direction:27,1;Distance_BL_Go:SSL$27#0,1440,14,2;SSL_Channel_Go:27,1,1;SSL_Channel_Go:17,#SHIFT-1-1,1;ASH_Direction:1,35,1,3,0,1;DumbFixeVal:1;DumbFixeVal:-5555;;0;6;1;1;25;2.5;1;4.0;100;100;FALSE;200-BE*200-50$1900;2;FALSE;;SELL;FALSE;4
79;camp_NNFX_SELL_M30_V2_P2_20220316.csv 2050048;945-1445;FALSE;0;M30;SSL_Channel_Direction:30,1;Distance_BL_Go:SSL$30#0,1440,14,2;SSL_Channel_Go:30,1,1;SSL_Channel_Go:17,#SHIFT-1-1,1;ASH_Direction:1,35,1,3,0,1;DumbFixeVal:1;DumbFixeVal:-5555;;0;6;1;1;25;2.5;1;4.0;100;100;FALSE;200-BE*200-50$1900;2;FALSE;;SELL;FALSE;4
80;camp_NNFX_SELL_M30_V2_P2_20220316.csv 2050049;945-1445;FALSE;0;M30;SSL_Channel_Direction:33,1;Distance_BL_Go:SSL$33#0,1440,14,2;SSL_Channel_Go:33,1,1;SSL_Channel_Go:17,#SHIFT-1-1,1;ASH_Direction:1,35,1,3,0,1;DumbFixeVal:1;DumbFixeVal:-5555;;0;6;1;1;25;2.5;1;4.0;100;100;FALSE;200-BE*200-50$1900;2;FALSE;;SELL;FALSE;4
81;camp_NNFX_SELL_M30_V2_P2_20220316.csv 2050053;945-1445;FALSE;0;M30;SSL_Channel_Direction:27,1;Distance_BL_Go:SSL$27#0,1440,14,2;SSL_Channel_Go:27,1,1;SSL_Channel_Go:17,#SHIFT-1-1,1;ASH_Direction:1,35,1,3,0,1;DumbFixeVal:1;DumbFixeVal:-5555;;0;6;1;1;25;2.5;1;4.0;100;100;FALSE;200-BE*200-50$1900;2;FALSE;;SELL;FALSE;6
82;camp_NNFX_SELL_M30_V2_P2_20220316.csv 2050054;945-1445;FALSE;0;M30;SSL_Channel_Direction:30,1;Distance_BL_Go:SSL$30#0,1440,14,2;SSL_Channel_Go:30,1,1;SSL_Channel_Go:17,#SHIFT-1-1,1;ASH_Direction:1,35,1,3,0,1;DumbFixeVal:1;DumbFixeVal:-5555;;0;6;1;1;25;2.5;1;4.0;100;100;FALSE;200-BE*200-50$1900;2;FALSE;;SELL;FALSE;6
83;camp_NNFX_SELL_M30_V2_P2_20220316.csv 2050055;945-1445;FALSE;0;M30;SSL_Channel_Direction:33,1;Distance_BL_Go:SSL$33#0,1440,14,2;SSL_Channel_Go:33,1,1;SSL_Channel_Go:17,#SHIFT-1-1,1;ASH_Direction:1,35,1,3,0,1;DumbFixeVal:1;DumbFixeVal:-5555;;0;6;1;1;25;2.5;1;4.0;100;100;FALSE;200-BE*200-50$1900;2;FALSE;;SELL;FALSE;6
84;camp_NNFX_SELL_M30_V2_P2_20220316.csv 2050059;945-1445;FALSE;0;M30;SSL_Channel_Direction:27,1;Distance_BL_Go:SSL$27#0,1440,14,2;SSL_Channel_Go:27,1,1;SSL_Channel_Go:17,#SHIFT-1-1,1;ASH_Direction:1,35,1,3,0,1;DumbFixeVal:1;DumbFixeVal:-5555;;0;6;1;1;25;2.5;1;4.0;100;50;FALSE;200-BE*200-50$1900;2;TRUE;Cassure_Go:HL,2,1;SELL;FALSE;2
85;camp_NNFX_SELL_M30_V2_P2_20220316.csv 2050060;945-1445;FALSE;0;M30;SSL_Channel_Direction:30,1;Distance_BL_Go:SSL$30#0,1440,14,2;SSL_Channel_Go:30,1,1;SSL_Channel_Go:17,#SHIFT-1-1,1;ASH_Direction:1,35,1,3,0,1;DumbFixeVal:1;DumbFixeVal:-5555;;0;6;1;1;25;2.5;1;4.0;100;50;FALSE;200-BE*200-50$1900;2;TRUE;Cassure_Go:HL,2,1;SELL;FALSE;2
86;camp_NNFX_SELL_M30_V2_P2_20220316.csv 2050061;945-1445;FALSE;0;M30;SSL_Channel_Direction:33,1;Distance_BL_Go:SSL$33#0,1440,14,2;SSL_Channel_Go:33,1,1;SSL_Channel_Go:17,#SHIFT-1-1,1;ASH_Direction:1,35,1,3,0,1;DumbFixeVal:1;DumbFixeVal:-5555;;0;6;1;1;25;2.5;1;4.0;100;50;FALSE;200-BE*200-50$1900;2;TRUE;Cassure_Go:HL,2,1;SELL;FALSE;2
87;camp_NNFX_SELL_M30_V2_P2_20220316.csv 2050064;945-1445;FALSE;0;M30;SSL_Channel_Direction:27,1;Distance_BL_Go:SSL$27#0,1440,14,2;SSL_Channel_Go:27,1,1;SSL_Channel_Go:17,#SHIFT-1-1,1;ASH_Direction:1,35,1,3,0,1;DumbFixeVal:1;DumbFixeVal:-5555;;0;6;1;1;25;2.5;1;4.0;100;50;FALSE;200-BE*200-50$1900;2;TRUE;Cassure_Go:HL,2,1;SELL;FALSE;4
88;camp_NNFX_SELL_M30_V2_P2_20220316.csv 2050065;945-1445;FALSE;0;M30;SSL_Channel_Direction:30,1;Distance_BL_Go:SSL$30#0,1440,14,2;SSL_Channel_Go:30,1,1;SSL_Channel_Go:17,#SHIFT-1-1,1;ASH_Direction:1,35,1,3,0,1;DumbFixeVal:1;DumbFixeVal:-5555;;0;6;1;1;25;2.5;1;4.0;100;50;FALSE;200-BE*200-50$1900;2;TRUE;Cassure_Go:HL,2,1;SELL;FALSE;4
89;camp_NNFX_SELL_M30_V2_P2_20220316.csv 2050066;945-1445;FALSE;0;M30;SSL_Channel_Direction:33,1;Distance_BL_Go:SSL$33#0,1440,14,2;SSL_Channel_Go:33,1,1;SSL_Channel_Go:17,#SHIFT-1-1,1;ASH_Direction:1,35,1,3,0,1;DumbFixeVal:1;DumbFixeVal:-5555;;0;6;1;1;25;2.5;1;4.0;100;50;FALSE;200-BE*200-50$1900;2;TRUE;Cassure_Go:HL,2,1;SELL;FALSE;4
90;camp_NNFX_SELL_M30_V2_P2_20220316.csv 2050070;945-1445;FALSE;0;M30;SSL_Channel_Direction:27,1;Distance_BL_Go:SSL$27#0,1440,14,2;SSL_Channel_Go:27,1,1;SSL_Channel_Go:17,#SHIFT-1-1,1;ASH_Direction:1,35,1,3,0,1;DumbFixeVal:1;DumbFixeVal:-5555;;0;6;1;1;25;2.5;1;4.0;100;50;FALSE;200-BE*200-50$1900;2;TRUE;Cassure_Go:HL,2,1;SELL;FALSE;6
91;camp_NNFX_SELL_M30_V2_P2_20220316.csv 2050071;945-1445;FALSE;0;M30;SSL_Channel_Direction:30,1;Distance_BL_Go:SSL$30#0,1440,14,2;SSL_Channel_Go:30,1,1;SSL_Channel_Go:17,#SHIFT-1-1,1;ASH_Direction:1,35,1,3,0,1;DumbFixeVal:1;DumbFixeVal:-5555;;0;6;1;1;25;2.5;1;4.0;100;50;FALSE;200-BE*200-50$1900;2;TRUE;Cassure_Go:HL,2,1;SELL;FALSE;6
92;camp_NNFX_SELL_M30_V2_P2_20220316.csv 2050072;945-1445;FALSE;0;M30;SSL_Channel_Direction:33,1;Distance_BL_Go:SSL$33#0,1440,14,2;SSL_Channel_Go:33,1,1;SSL_Channel_Go:17,#SHIFT-1-1,1;ASH_Direction:1,35,1,3,0,1;DumbFixeVal:1;DumbFixeVal:-5555;;0;6;1;1;25;2.5;1;4.0;100;50;FALSE;200-BE*200-50$1900;2;TRUE;Cassure_Go:HL,2,1;SELL;FALSE;6
93;camp_NNFX_SELL_M30_V2_P2_20220316.csv 2050076;945-1445;FALSE;0;M30;SSL_Channel_Direction:27,1;Distance_BL_Go:SSL$27#0,1440,14,2;SSL_Channel_Go:27,1,1;SSL_Channel_Go:17,#SHIFT-1-1,1;ASH_Direction:1,35,1,3,0,1;DumbFixeVal:1;DumbFixeVal:-5555;;0;6;1;1;25;2.5;1;4.0;100;100;FALSE;200-BE*200-50$1900;2;TRUE;Cassure_Go:HL,2,1;SELL;FALSE;2
94;camp_NNFX_SELL_M30_V2_P2_20220316.csv 2050077;945-1445;FALSE;0;M30;SSL_Channel_Direction:30,1;Distance_BL_Go:SSL$30#0,1440,14,2;SSL_Channel_Go:30,1,1;SSL_Channel_Go:17,#SHIFT-1-1,1;ASH_Direction:1,35,1,3,0,1;DumbFixeVal:1;DumbFixeVal:-5555;;0;6;1;1;25;2.5;1;4.0;100;100;FALSE;200-BE*200-50$1900;2;TRUE;Cassure_Go:HL,2,1;SELL;FALSE;2
95;camp_NNFX_SELL_M30_V2_P2_20220316.csv 2050078;945-1445;FALSE;0;M30;SSL_Channel_Direction:33,1;Distance_BL_Go:SSL$33#0,1440,14,2;SSL_Channel_Go:33,1,1;SSL_Channel_Go:17,#SHIFT-1-1,1;ASH_Direction:1,35,1,3,0,1;DumbFixeVal:1;DumbFixeVal:-5555;;0;6;1;1;25;2.5;1;4.0;100;100;FALSE;200-BE*200-50$1900;2;TRUE;Cassure_Go:HL,2,1;SELL;FALSE;2
96;camp_NNFX_SELL_M30_V2_P2_20220316.csv 2050081;945-1445;FALSE;0;M30;SSL_Channel_Direction:27,1;Distance_BL_Go:SSL$27#0,1440,14,2;SSL_Channel_Go:27,1,1;SSL_Channel_Go:17,#SHIFT-1-1,1;ASH_Direction:1,35,1,3,0,1;DumbFixeVal:1;DumbFixeVal:-5555;;0;6;1;1;25;2.5;1;4.0;100;100;FALSE;200-BE*200-50$1900;2;TRUE;Cassure_Go:HL,2,1;SELL;FALSE;4
97;camp_NNFX_SELL_M30_V2_P2_20220316.csv 2050082;945-1445;FALSE;0;M30;SSL_Channel_Direction:30,1;Distance_BL_Go:SSL$30#0,1440,14,2;SSL_Channel_Go:30,1,1;SSL_Channel_Go:17,#SHIFT-1-1,1;ASH_Direction:1,35,1,3,0,1;DumbFixeVal:1;DumbFixeVal:-5555;;0;6;1;1;25;2.5;1;4.0;100;100;FALSE;200-BE*200-50$1900;2;TRUE;Cassure_Go:HL,2,1;SELL;FALSE;4
98;camp_NNFX_SELL_M30_V2_P2_20220316.csv 2050083;945-1445;FALSE;0;M30;SSL_Channel_Direction:33,1;Distance_BL_Go:SSL$33#0,1440,14,2;SSL_Channel_Go:33,1,1;SSL_Channel_Go:17,#SHIFT-1-1,1;ASH_Direction:1,35,1,3,0,1;DumbFixeVal:1;DumbFixeVal:-5555;;0;6;1;1;25;2.5;1;4.0;100;100;FALSE;200-BE*200-50$1900;2;TRUE;Cassure_Go:HL,2,1;SELL;FALSE;4
99;camp_NNFX_SELL_M30_V2_P2_20220316.csv 2050087;945-1445;FALSE;0;M30;SSL_Channel_Direction:27,1;Distance_BL_Go:SSL$27#0,1440,14,2;SSL_Channel_Go:27,1,1;SSL_Channel_Go:17,#SHIFT-1-1,1;ASH_Direction:1,35,1,3,0,1;DumbFixeVal:1;DumbFixeVal:-5555;;0;6;1;1;25;2.5;1;4.0;100;100;FALSE;200-BE*200-50$1900;2;TRUE;Cassure_Go:HL,2,1;SELL;FALSE;6
100;camp_NNFX_SELL_M30_V2_P2_20220316.csv 2050088;945-1445;FALSE;0;M30;SSL_Channel_Direction:30,1;Distance_BL_Go:SSL$30#0,1440,14,2;SSL_Channel_Go:30,1,1;SSL_Channel_Go:17,#SHIFT-1-1,1;ASH_Direction:1,35,1,3,0,1;DumbFixeVal:1;DumbFixeVal:-5555;;0;6;1;1;25;2.5;1;4.0;100;100;FALSE;200-BE*200-50$1900;2;TRUE;Cassure_Go:HL,2,1;SELL;FALSE;6
101;camp_NNFX_SELL_M30_V2_P2_20220316.csv 2050089;945-1445;FALSE;0;M30;SSL_Channel_Direction:33,1;Distance_BL_Go:SSL$33#0,1440,14,2;SSL_Channel_Go:33,1,1;SSL_Channel_Go:17,#SHIFT-1-1,1;ASH_Direction:1,35,1,3,0,1;DumbFixeVal:1;DumbFixeVal:-5555;;0;6;1;1;25;2.5;1;4.0;100;100;FALSE;200-BE*200-50$1900;2;TRUE;Cassure_Go:HL,2,1;SELL;FALSE;6
102;camp_NNFX_SELL_M30_V2_P2_20220316.csv 2050718;945-1445;FALSE;0;M30;SSL_Channel_Direction:27,1;Distance_BL_Go:SSL$27#0,1440,14,2;SSL_Channel_Go:27,1,1;QQE_Go:10,5,50,#SHIFT-1-7,1;ASH_Direction:1,35,1,3,0,1;DumbFixeVal:1;DumbFixeVal:-5555;;0;4;1;1;25;2.5;1;4.0;100;100;FALSE;200-BE*200-50$1900;2;FALSE;;SELL;FALSE;2
103;camp_NNFX_SELL_M30_V2_P2_20220316.csv 2050732;945-1445;FALSE;0;M30;SSL_Channel_Direction:27,1;Distance_BL_Go:SSL$27#0,1440,14,2;SSL_Channel_Go:27,1,1;QQE_Go:10,5,50,#SHIFT-1-7,1;ASH_Direction:1,35,1,3,0,1;DumbFixeVal:1;DumbFixeVal:-5555;;0;4;1;1;25;2.5;1;4.0;100;50;FALSE;200-BE*200-50$1900;2;TRUE;Cassure_Go:HL,2,1;SELL;FALSE;2
104;camp_NNFX_SELL_M30_V2_P2_20220316.csv 2050744;945-1445;FALSE;0;M30;SSL_Channel_Direction:27,1;Distance_BL_Go:SSL$27#0,1440,14,2;SSL_Channel_Go:27,1,1;QQE_Go:10,5,50,#SHIFT-1-7,1;ASH_Direction:1,35,1,3,0,1;DumbFixeVal:1;DumbFixeVal:-5555;;0;4;1;1;25;2.5;1;4.0;100;100;FALSE;200-BE*200-50$1900;2;TRUE;Cassure_Go:HL,2,1;SELL;FALSE;2
105;camp_NNFX_SELL_M30_V2_P2_20220316.csv 2050750;945-1445;FALSE;0;M30;Ichimoku_line_price_dif:9,26,52,false,kijun,1;Distance_BL_Go:KIJUN$0,1440,14,2;Ichimoku_line_go:9,26,52,kijun,1,1;QQE_Go:10,5,50,#SHIFT-1-7,1;ASH_Direction:1,35,1,3,0,1;DumbFixeVal:1;DumbFixeVal:-5555;;0;8;1;1;25;2.5;1;2.0;100;100;TRUE;NO$1900;2;FALSE;;SELL;FALSE;2
106;camp_NNFX_SELL_M30_V2_P2_20220316.csv 2050751;945-1445;FALSE;0;M30;SSL_Channel_Direction:17,1;Distance_BL_Go:SSL$17#0,1440,14,2;SSL_Channel_Go:17,1,1;QQE_Go:10,5,50,#SHIFT-1-7,1;ASH_Direction:1,35,1,3,0,1;DumbFixeVal:1;DumbFixeVal:-5555;;0;8;1;1;25;2.5;1;2.0;100;100;TRUE;NO$1900;2;FALSE;;SELL;FALSE;2
107;camp_NNFX_SELL_M30_V2_P2_20220316.csv 2050752;945-1445;FALSE;0;M30;SSL_Channel_Direction:20,1;Distance_BL_Go:SSL$20#0,1440,14,2;SSL_Channel_Go:20,1,1;QQE_Go:10,5,50,#SHIFT-1-7,1;ASH_Direction:1,35,1,3,0,1;DumbFixeVal:1;DumbFixeVal:-5555;;0;8;1;1;25;2.5;1;2.0;100;100;TRUE;NO$1900;2;FALSE;;SELL;FALSE;2
108;camp_NNFX_SELL_M30_V2_P2_20220316.csv 2050754;945-1445;FALSE;0;M30;SSL_Channel_Direction:27,1;Distance_BL_Go:SSL$27#0,1440,14,2;SSL_Channel_Go:27,1,1;QQE_Go:10,5,50,#SHIFT-1-7,1;ASH_Direction:1,35,1,3,0,1;DumbFixeVal:1;DumbFixeVal:-5555;;0;8;1;1;25;2.5;1;2.0;100;100;TRUE;NO$1900;2;FALSE;;SELL;FALSE;2
109;camp_NNFX_SELL_M30_V2_P2_20220316.csv 2050755;945-1445;FALSE;0;M30;SSL_Channel_Direction:30,1;Distance_BL_Go:SSL$30#0,1440,14,2;SSL_Channel_Go:30,1,1;QQE_Go:10,5,50,#SHIFT-1-7,1;ASH_Direction:1,35,1,3,0,1;DumbFixeVal:1;DumbFixeVal:-5555;;0;8;1;1;25;2.5;1;2.0;100;100;TRUE;NO$1900;2;FALSE;;SELL;FALSE;2
110;camp_NNFX_SELL_M30_V2_P2_20220316.csv 2050759;945-1445;FALSE;0;M30;Ichimoku_line_price_dif:9,26,52,false,kijun,1;Distance_BL_Go:KIJUN$0,1440,14,2;Ichimoku_line_go:9,26,52,kijun,1,1;QQE_Go:10,5,50,#SHIFT-1-7,1;ASH_Direction:1,35,1,3,0,1;DumbFixeVal:1;DumbFixeVal:-5555;;0;8;1;1;25;2.5;1;2.0;100;50;TRUE;NO$1900;2;TRUE;Cassure_Go:HL,2,1;SELL;FALSE;2
111;camp_NNFX_SELL_M30_V2_P2_20220316.csv 2050760;945-1445;FALSE;0;M30;SSL_Channel_Direction:17,1;Distance_BL_Go:SSL$17#0,1440,14,2;SSL_Channel_Go:17,1,1;QQE_Go:10,5,50,#SHIFT-1-7,1;ASH_Direction:1,35,1,3,0,1;DumbFixeVal:1;DumbFixeVal:-5555;;0;8;1;1;25;2.5;1;2.0;100;50;TRUE;NO$1900;2;TRUE;Cassure_Go:HL,2,1;SELL;FALSE;2
112;camp_NNFX_SELL_M30_V2_P2_20220316.csv 2050761;945-1445;FALSE;0;M30;SSL_Channel_Direction:20,1;Distance_BL_Go:SSL$20#0,1440,14,2;SSL_Channel_Go:20,1,1;QQE_Go:10,5,50,#SHIFT-1-7,1;ASH_Direction:1,35,1,3,0,1;DumbFixeVal:1;DumbFixeVal:-5555;;0;8;1;1;25;2.5;1;2.0;100;50;TRUE;NO$1900;2;TRUE;Cassure_Go:HL,2,1;SELL;FALSE;2
113;camp_NNFX_SELL_M30_V2_P2_20220316.csv 2050763;945-1445;FALSE;0;M30;SSL_Channel_Direction:27,1;Distance_BL_Go:SSL$27#0,1440,14,2;SSL_Channel_Go:27,1,1;QQE_Go:10,5,50,#SHIFT-1-7,1;ASH_Direction:1,35,1,3,0,1;DumbFixeVal:1;DumbFixeVal:-5555;;0;8;1;1;25;2.5;1;2.0;100;50;TRUE;NO$1900;2;TRUE;Cassure_Go:HL,2,1;SELL;FALSE;2
114;camp_NNFX_SELL_M30_V2_P2_20220316.csv 2050764;945-1445;FALSE;0;M30;SSL_Channel_Direction:30,1;Distance_BL_Go:SSL$30#0,1440,14,2;SSL_Channel_Go:30,1,1;QQE_Go:10,5,50,#SHIFT-1-7,1;ASH_Direction:1,35,1,3,0,1;DumbFixeVal:1;DumbFixeVal:-5555;;0;8;1;1;25;2.5;1;2.0;100;50;TRUE;NO$1900;2;TRUE;Cassure_Go:HL,2,1;SELL;FALSE;2
115;camp_NNFX_SELL_M30_V2_P2_20220316.csv 2050770;945-1445;FALSE;0;M30;SSL_Channel_Direction:20,1;Distance_BL_Go:SSL$20#0,1440,14,2;SSL_Channel_Go:20,1,1;QQE_Go:10,5,50,#SHIFT-1-7,1;ASH_Direction:1,35,1,3,0,1;DumbFixeVal:1;DumbFixeVal:-5555;;0;8;1;1;25;2.5;1;2.0;100;100;TRUE;NO$1900;2;TRUE;Cassure_Go:HL,2,1;SELL;FALSE;2
116;camp_NNFX_SELL_M30_V2_P2_20220316.csv 2050772;945-1445;FALSE;0;M30;SSL_Channel_Direction:27,1;Distance_BL_Go:SSL$27#0,1440,14,2;SSL_Channel_Go:27,1,1;QQE_Go:10,5,50,#SHIFT-1-7,1;ASH_Direction:1,35,1,3,0,1;DumbFixeVal:1;DumbFixeVal:-5555;;0;8;1;1;25;2.5;1;2.0;100;100;TRUE;NO$1900;2;TRUE;Cassure_Go:HL,2,1;SELL;FALSE;2
117;camp_NNFX_SELL_M30_V2_P2_20220316.csv 2050773;945-1445;FALSE;0;M30;SSL_Channel_Direction:30,1;Distance_BL_Go:SSL$30#0,1440,14,2;SSL_Channel_Go:30,1,1;QQE_Go:10,5,50,#SHIFT-1-7,1;ASH_Direction:1,35,1,3,0,1;DumbFixeVal:1;DumbFixeVal:-5555;;0;8;1;1;25;2.5;1;2.0;100;100;TRUE;NO$1900;2;TRUE;Cassure_Go:HL,2,1;SELL;FALSE;2
118;camp_NNFX_SELL_M30_V2_P2_20220316.csv 2052048;945-1445;FALSE;0;M30;MMS2_close_sens:1,30,1;Distance_BL_Go:MMS$30#0,1440,14,2;MMS2_close_go:1,30,1,1;QQE_Go:10,5,50,#SHIFT-1-7,1;ASH_Direction:1,35,1,3,0,1;DumbFixeVal:1;DumbFixeVal:-5555;;0;4;1;1;25;2.5;1;4.0;100;100;FALSE;200-BE*200-50$1900;2;FALSE;;SELL;FALSE;2
119;camp_NNFX_SELL_M30_V2_P2_20220316.csv 2052049;945-1445;FALSE;0;M30;MMS2_close_sens:1,20,1;Distance_BL_Go:MMS$20#0,1440,14,2;MMS2_close_go:1,20,1,1;QQE_Go:10,5,50,#SHIFT-1-7,1;ASH_Direction:1,35,1,3,0,1;DumbFixeVal:1;DumbFixeVal:-5555;;0;4;1;1;25;2.5;1;4.0;100;100;FALSE;200-BE*200-50$1900;2;FALSE;;SELL;FALSE;6
120;camp_NNFX_SELL_M30_V2_P2_20220316.csv 2052050;945-1445;FALSE;0;M30;MMS2_close_sens:1,27,1;Distance_BL_Go:MMS$27#0,1440,14,2;MMS2_close_go:1,27,1,1;QQE_Go:10,5,50,#SHIFT-1-7,1;ASH_Direction:1,35,1,3,0,1;DumbFixeVal:1;DumbFixeVal:-5555;;0;4;1;1;25;2.5;1;4.0;100;100;FALSE;200-BE*200-50$1900;2;FALSE;;SELL;FALSE;6
121;camp_NNFX_SELL_M30_V2_P2_20220316.csv 2052054;945-1445;FALSE;0;M30;MMS2_close_sens:1,30,1;Distance_BL_Go:MMS$30#0,1440,14,2;MMS2_close_go:1,30,1,1;QQE_Go:10,5,50,#SHIFT-1-7,1;ASH_Direction:1,35,1,3,0,1;DumbFixeVal:1;DumbFixeVal:-5555;;0;4;1;1;25;2.5;1;4.0;100;50;FALSE;200-BE*200-50$1900;2;TRUE;Cassure_Go:HL,2,1;SELL;FALSE;2
122;camp_NNFX_SELL_M30_V2_P2_20220316.csv 2052055;945-1445;FALSE;0;M30;MMS2_close_sens:1,20,1;Distance_BL_Go:MMS$20#0,1440,14,2;MMS2_close_go:1,20,1,1;QQE_Go:10,5,50,#SHIFT-1-7,1;ASH_Direction:1,35,1,3,0,1;DumbFixeVal:1;DumbFixeVal:-5555;;0;4;1;1;25;2.5;1;4.0;100;50;FALSE;200-BE*200-50$1900;2;TRUE;Cassure_Go:HL,2,1;SELL;FALSE;6
